Price,Close,High,Low,Open,Volume
Ticker,NAB.VN,NAB.VN,NAB.VN,NAB.VN,NAB.VN
Date,,,,,
2024-03-08,9013.3330078125,9093.3330078125,8853.3330078125,8853.3330078125,10495875
2024-03-11,8800.0,9093.3330078125,8693.3330078125,9066.6669921875,3201562
2024-03-12,8800.0,8826.6669921875,8266.6669921875,8266.6669921875,5477812
2024-03-13,8826.6669921875,8826.6669921875,8560.0,8800.0,4348875
2024-03-14,8773.3330078125,8826.6669921875,8613.3330078125,8826.6669921875,2141812
2024-03-15,8773.3330078125,8773.3330078125,8613.3330078125,8746.6669921875,3136875
2024-03-18,8586.6669921875,8773.3330078125,8480.0,8640.0,2186812
2024-03-19,8586.6669921875,8586.6669921875,8480.0,8586.6669921875,1933687
2024-03-20,8640.0,8640.0,8480.0,8533.3330078125,1341750
2024-03-21,8640.0,8720.0,8586.6669921875,8640.0,5351062
2024-03-22,8586.6669921875,8693.3330078125,8560.0,8693.3330078125,2226187
2024-03-25,8613.3330078125,8640.0,8586.6669921875,8586.6669921875,1873500
2024-03-26,8666.6669921875,8666.6669921875,8586.6669921875,8613.3330078125,2123062
2024-03-27,8746.6669921875,8746.6669921875,8640.0,8720.0,2738250
2024-03-28,8800.0,8800.0,8720.0,8746.6669921875,2943000
2024-03-29,8880.0,8906.6669921875,8800.0,8826.6669921875,4751625
2024-04-01,8880.0,8880.0,8880.0,8880.0,0
2024-04-02,8693.3330078125,8826.6669921875,8693.3330078125,8826.6669921875,2186062
2024-04-03,8533.3330078125,8720.0,8533.3330078125,8720.0,2030437
2024-04-04,8533.3330078125,8640.0,8506.6669921875,8533.3330078125,2128875
2024-04-05,8533.3330078125,8533.3330078125,8426.6669921875,8480.0,1590375
2024-04-08,8453.3330078125,8533.3330078125,8453.3330078125,8533.3330078125,1657500
2024-04-09,8506.6669921875,8506.6669921875,8426.6669921875,8480.0,1557562
2024-04-10,8426.6669921875,8533.3330078125,8426.6669921875,8506.6669921875,2007937
2024-04-11,8400.0,8480.0,8373.3330078125,8373.3330078125,1267875
2024-04-12,8533.3330078125,8533.3330078125,8400.0,8480.0,3160500
2024-04-15,8346.6669921875,8586.6669921875,8320.0,8533.3330078125,1666500
2024-04-16,8373.3330078125,8480.0,8000.0,8480.0,2147062
2024-04-17,8426.6669921875,8426.6669921875,8186.66650390625,8426.6669921875,1109062
2024-04-18,8426.6669921875,8426.6669921875,8426.6669921875,8426.6669921875,0
2024-04-19,8480.0,8533.3330078125,8346.6669921875,8426.6669921875,3141187
2024-04-22,8666.6669921875,8693.3330078125,8426.6669921875,8506.6669921875,2908312
2024-04-23,8746.6669921875,8746.6669921875,8640.0,8666.6669921875,1918687
2024-04-24,8853.3330078125,8880.0,8746.6669921875,8800.0,2793375
2024-04-25,8880.0,8880.0,8746.6669921875,8826.6669921875,2813812
2024-04-26,8960.0,8960.0,8800.0,8800.0,2634562
2024-04-29,8960.0,8960.0,8960.0,8960.0,0
2024-04-30,8960.0,8960.0,8960.0,8960.0,0
2024-05-01,8960.0,8960.0,8960.0,8960.0,0
2024-05-02,9013.3330078125,9040.0,8853.3330078125,8933.3330078125,1783125
2024-05-03,8986.6669921875,9066.6669921875,8906.6669921875,9040.0,2133000
2024-05-06,9066.6669921875,9120.0,8960.0,8960.0,2994000
2024-05-07,8960.0,9040.0,8746.6669921875,9040.0,3859125
2024-05-08,8826.6669921875,8933.3330078125,8693.3330078125,8933.3330078125,2747812
2024-05-09,8826.6669921875,8880.0,8746.6669921875,8826.6669921875,1341000
2024-05-10,8800.0,8826.6669921875,8693.3330078125,8826.6669921875,2179312
2024-05-13,8746.6669921875,8826.6669921875,8693.3330078125,8800.0,1756875
2024-05-14,8720.0,8773.3330078125,8693.3330078125,8720.0,2232187
2024-05-15,8746.6669921875,8773.3330078125,8666.6669921875,8693.3330078125,2229375
2024-05-16,8773.3330078125,8826.6669921875,8720.0,8746.6669921875,2644125
2024-05-17,8826.6669921875,8826.6669921875,8746.6669921875,8773.3330078125,2373937
2024-05-20,8773.3330078125,8933.3330078125,8746.6669921875,8933.3330078125,2497125
2024-05-21,8720.0,8773.3330078125,8640.0,8773.3330078125,2151187
2024-05-22,8746.6669921875,8773.3330078125,8586.6669921875,8720.0,2162437
2024-05-23,8693.3330078125,8746.6669921875,8586.6669921875,8746.6669921875,1728375
2024-05-24,8640.0,8693.3330078125,8480.0,8586.6669921875,2126812
2024-05-27,8560.0,8640.0,8506.6669921875,8533.3330078125,1483875
2024-05-28,8533.3330078125,8640.0,8480.0,8586.6669921875,2007375
2024-05-29,8506.6669921875,8533.3330078125,8373.3330078125,8480.0,3657000
2024-05-30,8400.0,8480.0,8293.3330078125,8480.0,3978375
2024-05-31,8480.0,8480.0,8346.6669921875,8346.6669921875,1634812
2024-06-03,8480.0,8480.0,8480.0,8480.0,0
2024-06-04,8613.3330078125,8666.6669921875,8560.0,8586.6669921875,2256750
2024-06-05,8613.3330078125,8640.0,8560.0,8613.3330078125,1444500
2024-06-06,8640.0,8666.6669921875,8560.0,8586.6669921875,2435062
2024-06-07,8800.0,8800.0,8613.3330078125,8640.0,3295875
2024-06-10,8880.0,8933.3330078125,8800.0,8800.0,2080875
2024-06-11,8773.3330078125,8880.0,8693.3330078125,8853.3330078125,2409375
2024-06-12,8800.0,8826.6669921875,8640.0,8746.6669921875,2663062
2024-06-13,8826.6669921875,8826.6669921875,8693.3330078125,8773.3330078125,4737000
2024-06-14,8800.0,8906.6669921875,8773.3330078125,8800.0,3714750
2024-06-17,8773.3330078125,8826.6669921875,8666.6669921875,8693.3330078125,2711812
2024-06-18,8773.3330078125,8826.6669921875,8693.3330078125,8800.0,2363062
2024-06-19,8666.6669921875,8773.3330078125,8560.0,8746.6669921875,2092500
2024-06-20,8533.3330078125,8693.3330078125,8533.3330078125,8586.6669921875,991125
2024-06-21,8506.6669921875,8613.3330078125,8426.6669921875,8560.0,1537125
2024-06-24,8453.3330078125,8560.0,8373.3330078125,8506.6669921875,2113125
2024-06-25,8506.6669921875,8560.0,8400.0,8480.0,1377750
2024-06-26,8453.3330078125,8560.0,8400.0,8506.6669921875,1517812
2024-06-27,8506.6669921875,8506.6669921875,8400.0,8453.3330078125,1579312
2024-06-28,8506.6669921875,8560.0,8453.3330078125,8480.0,1493062
2024-07-01,8560.0,8586.6669921875,8453.3330078125,8533.3330078125,1598812
2024-07-02,8693.3330078125,8693.3330078125,8560.0,8613.3330078125,2202937
2024-07-03,8693.3330078125,8746.6669921875,8560.0,8666.6669921875,1632562
2024-07-04,8746.6669921875,8773.3330078125,8640.0,8693.3330078125,2520562
2024-07-05,8666.6669921875,8773.3330078125,8666.6669921875,8746.6669921875,1714125
2024-07-08,8693.3330078125,8746.6669921875,8640.0,8693.3330078125,2198250
2024-07-09,8746.6669921875,8746.6669921875,8666.6669921875,8693.3330078125,2421187
2024-07-10,8773.3330078125,8773.3330078125,8693.3330078125,8693.3330078125,2665312
2024-07-11,9333.3330078125,9366.6669921875,8933.3330078125,8933.3330078125,5470800
2024-07-12,9333.3330078125,9400.0,9200.0,9333.3330078125,1794300
2024-07-15,9233.3330078125,9333.3330078125,9166.6669921875,9333.3330078125,1884750
2024-07-16,9633.3330078125,9666.6669921875,9133.3330078125,9133.3330078125,5135400
2024-07-17,10200.0,10300.0,9633.3330078125,9633.3330078125,3746100
2024-07-18,10166.6669921875,10200.0,10000.0,10166.6669921875,3345600
2024-07-19,10133.3330078125,10300.0,10066.6669921875,10133.3330078125,1899750
2024-07-22,10133.3330078125,10200.0,9900.0,10133.3330078125,2788050
2024-07-23,9866.6669921875,10166.6669921875,9533.3330078125,10133.3330078125,3541950
2024-07-24,9833.3330078125,9966.6669921875,9733.3330078125,9733.3330078125,2637600
2024-07-25,9633.3330078125,9800.0,9566.6669921875,9666.6669921875,1147800
2024-07-26,9600.0,9900.0,9566.6669921875,9900.0,2176200
2024-07-29,9766.6669921875,9900.0,9600.0,9600.0,1958850
2024-07-30,10066.6669921875,10133.3330078125,9733.3330078125,9733.3330078125,4456800
2024-07-31,10100.0,10133.3330078125,10000.0,10066.6669921875,1866450
2024-08-01,10266.6669921875,10533.3330078125,10066.6669921875,10100.0,7819950
2024-08-02,10166.6669921875,10266.6669921875,10000.0,10200.0,2074350
2024-08-05,9666.6669921875,10066.6669921875,9466.6669921875,10000.0,4505850
2024-08-06,9700.0,9733.3330078125,9466.6669921875,9600.0,3033750
2024-08-07,9600.0,9733.3330078125,9433.3330078125,9666.6669921875,2441250
2024-08-08,9633.3330078125,9733.3330078125,9533.3330078125,9566.6669921875,1895700
2024-08-09,9933.3330078125,9933.3330078125,9633.3330078125,9666.6669921875,3358800
2024-08-12,10100.0,10166.6669921875,9866.6669921875,9933.3330078125,2837850
2024-08-13,10800.0,10800.0,10066.6669921875,10066.6669921875,9047250
2024-08-14,11133.3330078125,11200.0,10866.6669921875,10866.6669921875,3616800
2024-08-15,11100.0,11200.0,10966.6669921875,11133.3330078125,2633400
2024-08-16,11133.3330078125,11400.0,10933.3330078125,11133.3330078125,4311750
2024-08-19,11033.3330078125,11200.0,10866.6669921875,11166.6669921875,2390550
2024-08-20,10933.3330078125,11133.3330078125,10733.3330078125,11066.6669921875,3324900
2024-08-21,11366.6669921875,11466.6669921875,10666.6669921875,10866.6669921875,5132550
2024-08-22,11233.3330078125,11633.3330078125,11166.6669921875,11633.3330078125,1644300
2024-08-23,11133.3330078125,11333.3330078125,11133.3330078125,11233.3330078125,2137800
2024-08-26,10900.0,11200.0,10533.3330078125,11166.6669921875,4105500
2024-08-27,10833.3330078125,10933.3330078125,10633.3330078125,10900.0,3297150
2024-08-28,11000.0,11033.3330078125,10766.6669921875,10766.6669921875,2122200
2024-08-29,10833.3330078125,11066.6669921875,10800.0,11000.0,1585650
2024-08-30,11000.0,11100.0,10666.6669921875,10800.0,4251000
2024-09-02,11000.0,11000.0,11000.0,11000.0,0
2024-09-03,11000.0,11000.0,11000.0,11000.0,0
2024-09-04,10866.6669921875,11000.0,10733.3330078125,10866.6669921875,3505950
2024-09-05,10766.6669921875,10866.6669921875,10633.3330078125,10866.6669921875,2439900
2024-09-06,10800.0,10833.3330078125,10066.6669921875,10666.6669921875,4715850
2024-09-09,11000.0,11166.6669921875,10666.6669921875,10666.6669921875,4272450
2024-09-10,10866.6669921875,11100.0,10833.3330078125,10966.6669921875,1643250
2024-09-11,10866.6669921875,10966.6669921875,10766.6669921875,10866.6669921875,3039150
2024-09-12,10833.3330078125,10966.6669921875,10800.0,10866.6669921875,1725600
2024-09-13,11000.0,11100.0,10833.3330078125,10866.6669921875,3545100
2024-09-16,11666.6669921875,11700.0,10966.6669921875,10966.6669921875,11233350
2024-09-17,11733.3330078125,11833.3330078125,11633.3330078125,11666.6669921875,4566750
2024-09-18,11600.0,11733.3330078125,11433.3330078125,11733.3330078125,5606700
2024-09-19,11666.6669921875,11833.3330078125,11566.6669921875,11600.0,3189750
2024-09-20,11233.3330078125,11833.3330078125,11233.3330078125,11733.3330078125,9961800
2024-09-23,11200.0,11400.0,11000.0,11233.3330078125,7626150
2024-09-24,11666.6669921875,11666.6669921875,11100.0,11166.6669921875,7432050
2024-09-25,11400.0,11700.0,11300.0,11633.3330078125,4680150
2024-09-26,11300.0,11466.6669921875,11133.3330078125,11266.6669921875,5678400
2024-09-27,11266.6669921875,11500.0,11166.6669921875,11266.6669921875,3498150
2024-09-30,11133.3330078125,11266.6669921875,10866.6669921875,11266.6669921875,4339050
2024-10-01,11033.3330078125,11233.3330078125,11000.0,11166.6669921875,3883200
2024-10-02,11033.3330078125,11066.6669921875,10933.3330078125,11033.3330078125,2123550
2024-10-03,11066.6669921875,11300.0,11000.0,11066.6669921875,2936850
2024-10-04,10933.3330078125,11133.3330078125,10933.3330078125,11066.6669921875,2085450
2024-10-07,10833.3330078125,11000.0,10833.3330078125,11000.0,1893000
2024-10-08,10800.0,10866.6669921875,10733.3330078125,10800.0,2068950
2024-10-09,10800.0,10866.6669921875,10700.0,10866.6669921875,2214750
2024-10-10,10833.3330078125,11066.6669921875,10800.0,10866.6669921875,2313450
2024-10-11,10933.3330078125,11000.0,10800.0,10800.0,1681950
2024-10-14,10900.0,11066.6669921875,10866.6669921875,11066.6669921875,1502850
2024-10-15,10733.3330078125,10933.3330078125,10733.3330078125,10833.3330078125,2118450
2024-10-16,10600.0,10800.0,10466.6669921875,10800.0,2441550
2024-10-17,10600.0,10633.3330078125,10500.0,10600.0,1764300
2024-10-18,10733.3330078125,10766.6669921875,10600.0,10633.3330078125,1847400
2024-10-21,10633.3330078125,10766.6669921875,10633.3330078125,10733.3330078125,1573200
2024-10-22,10466.6669921875,10633.3330078125,10333.3330078125,10633.3330078125,2268450
2024-10-23,10500.0,10533.3330078125,10400.0,10466.6669921875,1525050
2024-10-24,10400.0,10566.6669921875,10400.0,10500.0,1419600
2024-10-25,10400.0,10433.3330078125,10333.3330078125,10366.6669921875,1273350
2024-10-28,10400.0,10533.3330078125,10366.6669921875,10366.6669921875,1222950
2024-10-29,10533.3330078125,10566.6669921875,10400.0,10400.0,1154400
2024-10-30,10700.0,10733.3330078125,10566.6669921875,10566.6669921875,1395450
2024-10-31,10666.6669921875,10766.6669921875,10600.0,10766.6669921875,1130400
2024-11-01,10633.3330078125,10700.0,10533.3330078125,10700.0,1707150
2024-11-04,10433.3330078125,10633.3330078125,10333.3330078125,10633.3330078125,1168350
2024-11-05,10600.0,10733.3330078125,10333.3330078125,10333.3330078125,1382850
2024-11-06,10633.3330078125,10700.0,10533.3330078125,10700.0,1029450
2024-11-07,10566.6669921875,10700.0,10566.6669921875,10666.6669921875,1168050
2024-11-08,10400.0,10600.0,10333.3330078125,10566.6669921875,1354500
2024-11-11,10466.6669921875,10533.3330078125,10200.0,10500.0,1426650
2024-11-12,10333.3330078125,10500.0,10266.6669921875,10366.6669921875,1372050
2024-11-13,10333.3330078125,10433.3330078125,10266.6669921875,10266.6669921875,1324950
2024-11-14,10233.3330078125,10333.3330078125,10133.3330078125,10333.3330078125,1578900
2024-11-15,10233.3330078125,10300.0,10133.3330078125,10133.3330078125,1005900
2024-11-18,10300.0,10300.0,10133.3330078125,10233.3330078125,808650
2024-11-19,10300.0,10300.0,10200.0,10300.0,793650
2024-11-20,10333.3330078125,10333.3330078125,10200.0,10233.3330078125,1048350
2024-11-21,10366.6669921875,10366.6669921875,10233.3330078125,10333.3330078125,1118700
2024-11-22,10500.0,10533.3330078125,10366.6669921875,10400.0,957900
2024-11-25,10466.6669921875,10600.0,10433.3330078125,10600.0,994500
2024-11-26,10533.3330078125,10566.6669921875,10466.6669921875,10466.6669921875,1150050
2024-11-27,10533.3330078125,10600.0,10466.6669921875,10533.3330078125,1053150
2024-11-28,10500.0,10566.6669921875,10466.6669921875,10500.0,1002900
2024-11-29,10500.0,10566.6669921875,10466.6669921875,10500.0,1755000
2024-12-02,10533.3330078125,10633.3330078125,10466.6669921875,10466.6669921875,1986150
2024-12-03,10733.3330078125,10833.3330078125,10500.0,10500.0,2213100
2024-12-04,10733.3330078125,10800.0,10666.6669921875,10733.3330078125,1622400
2024-12-05,10766.6669921875,10766.6669921875,10566.6669921875,10766.6669921875,1791900
2024-12-06,10766.6669921875,10800.0,10566.6669921875,10800.0,1908600
2024-12-09,10833.3330078125,10933.3330078125,10733.3330078125,10800.0,1594050
2024-12-10,10900.0,10966.6669921875,10800.0,10933.3330078125,1594350
2024-12-11,10866.6669921875,10933.3330078125,10766.6669921875,10866.6669921875,1589550
2024-12-12,10800.0,10866.6669921875,10766.6669921875,10866.6669921875,1615050
2024-12-13,10666.6669921875,10766.6669921875,10566.6669921875,10766.6669921875,1702650
2024-12-16,10600.0,10733.3330078125,10566.6669921875,10666.6669921875,1999200
2024-12-17,10600.0,10666.6669921875,10533.3330078125,10600.0,1723350
2024-12-18,10600.0,10633.3330078125,10466.6669921875,10600.0,1751100
2024-12-19,10400.0,10566.6669921875,10400.0,10500.0,1983150
2024-12-20,10333.3330078125,10700.0,10333.3330078125,10400.0,3671400
2024-12-23,10500.0,10633.3330078125,10433.3330078125,10633.3330078125,1661250
2024-12-24,10500.0,10533.3330078125,10433.3330078125,10533.3330078125,1587300
2024-12-25,10566.6669921875,10766.6669921875,10466.6669921875,10500.0,6195450
2024-12-26,10633.3330078125,10700.0,10533.3330078125,10666.6669921875,1627500
2024-12-27,10700.0,10766.6669921875,10600.0,10600.0,5393400
2024-12-30,10700.0,10766.6669921875,10666.6669921875,10733.3330078125,6945150
2024-12-31,10633.3330078125,10733.3330078125,10600.0,10700.0,1243200
2025-01-01,10633.3330078125,10633.3330078125,10633.3330078125,10633.3330078125,0
2025-01-02,10633.3330078125,10700.0,10533.3330078125,10666.6669921875,1918050
2025-01-03,10433.3330078125,10633.3330078125,10433.3330078125,10566.6669921875,4035300
2025-01-06,10533.3330078125,10633.3330078125,10433.3330078125,10433.3330078125,14715600
2025-01-07,11266.6669921875,11266.6669921875,10533.3330078125,10533.3330078125,22104900
2025-01-08,11366.6669921875,11633.3330078125,11266.6669921875,11266.6669921875,15741750
2025-01-09,11366.6669921875,12000.0,11133.3330078125,11400.0,17671950
2025-01-10,10966.6669921875,11466.6669921875,10866.6669921875,11366.6669921875,17487900
2025-01-13,10800.0,11000.0,10533.3330078125,10933.3330078125,3282150
2025-01-14,10733.3330078125,10866.6669921875,10666.6669921875,10866.6669921875,16852950
2025-01-15,10700.0,10833.3330078125,10666.6669921875,10766.6669921875,1746750
2025-01-16,10700.0,10833.3330078125,10666.6669921875,10766.6669921875,1746750
2025-01-17,10933.3330078125,10966.6669921875,10700.0,10733.3330078125,2072250
2025-01-20,11000.0,11033.3330078125,10866.6669921875,11000.0,1502850
2025-01-21,10900.0,10966.6669921875,10766.6669921875,10966.6669921875,1897650
2025-01-22,10800.0,10933.3330078125,10700.0,10866.6669921875,1897050
2025-01-23,10933.3330078125,11033.3330078125,10833.3330078125,10833.3330078125,1638600
2025-01-24,11266.6669921875,11266.6669921875,10866.6669921875,10933.3330078125,3768750
2025-01-27,11266.6669921875,11266.6669921875,11266.6669921875,11266.6669921875,0
2025-01-28,11266.6669921875,11266.6669921875,11266.6669921875,11266.6669921875,0
2025-01-29,11266.6669921875,11266.6669921875,11266.6669921875,11266.6669921875,0
2025-01-30,11266.6669921875,11266.6669921875,11266.6669921875,11266.6669921875,0
2025-01-31,11266.6669921875,11266.6669921875,11266.6669921875,11266.6669921875,0
2025-02-03,11033.3330078125,11233.3330078125,11033.3330078125,11233.3330078125,1804500
2025-02-04,11166.6669921875,11200.0,11033.3330078125,11033.3330078125,2082150
2025-02-05,11533.3330078125,11600.0,11133.3330078125,11166.6669921875,3537600
2025-02-06,11366.6669921875,11666.6669921875,11333.3330078125,11600.0,2584950
2025-02-07,11433.3330078125,11533.3330078125,11333.3330078125,11333.3330078125,2786100
2025-02-10,11600.0,11733.3330078125,11333.3330078125,11466.6669921875,3306900
2025-02-11,11633.3330078125,11733.3330078125,11500.0,11500.0,1903350
2025-02-12,11600.0,11866.6669921875,11566.6669921875,11666.6669921875,2482350
2025-02-13,11566.6669921875,11700.0,11366.6669921875,11600.0,2149950
2025-02-14,11533.3330078125,11700.0,11533.3330078125,11566.6669921875,2002050
2025-02-17,11500.0,11600.0,11433.3330078125,11533.3330078125,2084550
2025-02-18,11466.6669921875,11633.3330078125,11366.6669921875,11466.6669921875,2368200
2025-02-19,11466.6669921875,11600.0,11333.3330078125,11400.0,2884650
2025-02-20,11900.0,12000.0,11466.6669921875,11466.6669921875,5644800
2025-02-21,11800.0,11966.6669921875,11733.3330078125,11933.3330078125,1810050
2025-02-24,11833.3330078125,11933.3330078125,11666.6669921875,11733.3330078125,2326050
2025-02-25,11766.6669921875,11900.0,11633.3330078125,11833.3330078125,2805000
2025-02-26,12066.6669921875,12166.6669921875,11700.0,11733.3330078125,4982550
2025-02-27,11933.3330078125,12133.3330078125,11900.0,12066.6669921875,2390100
2025-02-28,11800.0,12000.0,11733.3330078125,11800.0,2335650
2025-03-03,11266.6669921875,11800.0,11000.0,11800.0,6618450
2025-03-04,11333.3330078125,11500.0,11200.0,11200.0,4609950
2025-03-05,11333.3330078125,11533.3330078125,11300.0,11333.3330078125,2689500
2025-03-06,11333.3330078125,11366.6669921875,11200.0,11333.3330078125,3037800
2025-03-07,11366.6669921875,11500.0,11333.3330078125,11333.3330078125,3462900
2025-03-10,11500.0,11600.0,11366.6669921875,11400.0,3181800
2025-03-11,11700.0,11700.0,11366.6669921875,11466.6669921875,4441800
2025-03-12,11733.3330078125,11866.6669921875,11666.6669921875,11666.6669921875,3756600
2025-03-13,11733.3330078125,11933.3330078125,11666.6669921875,11766.6669921875,4927050
2025-03-14,11733.3330078125,11766.6669921875,11600.0,11666.6669921875,1820550
2025-03-17,12500.0,12533.3330078125,11800.0,11800.0,9397950
2025-03-18,12366.6669921875,12600.0,12366.6669921875,12500.0,5631600
2025-03-19,12166.6669921875,12400.0,12000.0,12400.0,4743750
2025-03-20,11700.0,12266.6669921875,11666.6669921875,12166.6669921875,4967100
2025-03-21,11533.3330078125,11766.6669921875,11400.0,11733.3330078125,12097350
2025-03-24,11233.3330078125,11666.6669921875,11200.0,11533.3330078125,2315400
2025-03-25,11333.3330078125,11500.0,11266.6669921875,11266.6669921875,2225550
2025-03-26,11200.0,11433.3330078125,11133.3330078125,11366.6669921875,3392700
2025-03-27,11300.0,11366.6669921875,11100.0,11200.0,1828050
2025-03-28,11200.0,11400.0,11200.0,11300.0,1709850
2025-03-31,11100.0,11200.0,11033.3330078125,11100.0,1340400
2025-04-01,11433.3330078125,11433.3330078125,11100.0,11100.0,1901850
2025-04-02,11433.3330078125,11500.0,11366.6669921875,11433.3330078125,1661700
2025-04-03,10666.6669921875,11266.6669921875,10633.3330078125,11066.6669921875,4440450
2025-04-04,10833.3330078125,10833.3330078125,10066.6669921875,10133.3330078125,2764200
2025-04-07,10833.3330078125,10833.3330078125,10833.3330078125,10833.3330078125,0
2025-04-08,10300.0,10800.0,10200.0,10633.3330078125,1732350
2025-04-09,10400.0,10600.0,10000.0,10133.3330078125,1556400
2025-04-10,11100.0,11100.0,11100.0,11100.0,1614900
2025-04-11,11200.0,11200.0,10833.3330078125,11100.0,1830150
2025-04-14,10900.0,11233.3330078125,10900.0,11233.3330078125,1616250
2025-04-15,10633.3330078125,10966.6669921875,10166.6669921875,10933.3330078125,2030700
2025-04-16,10733.3330078125,10833.3330078125,10666.6669921875,10666.6669921875,1131150
2025-04-17,10600.0,10733.3330078125,10566.6669921875,10666.6669921875,1165650
2025-04-18,10900.0,11000.0,10666.6669921875,10666.6669921875,1711650
2025-04-21,10900.0,10933.3330078125,10666.6669921875,10800.0,1587300
2025-04-22,10700.0,10900.0,10300.0,10900.0,2164200
2025-04-23,10800.0,10866.6669921875,10700.0,10733.3330078125,1580100
2025-04-24,10866.6669921875,10900.0,10466.6669921875,10466.6669921875,1562250
2025-04-25,11066.6669921875,11066.6669921875,10766.6669921875,10866.6669921875,1687050
2025-04-28,11066.6669921875,11133.3330078125,11000.0,11066.6669921875,1374000
2025-04-29,11033.3330078125,11100.0,11000.0,11066.6669921875,1501050
2025-04-30,11033.3330078125,11033.3330078125,11033.3330078125,11033.3330078125,0
2025-05-01,11033.3330078125,11033.3330078125,11033.3330078125,11033.3330078125,0
2025-05-02,11033.3330078125,11033.3330078125,11033.3330078125,11033.3330078125,0
2025-05-05,11400.0,11400.0,11100.0,11133.3330078125,2179350
2025-05-06,11400.0,11400.0,11100.0,11133.3330078125,2179350
2025-05-07,11466.6669921875,11600.0,11400.0,11400.0,2229300
2025-05-08,11333.3330078125,11466.6669921875,11300.0,11466.6669921875,1542000
2025-05-09,11400.0,11466.6669921875,11333.3330078125,11333.3330078125,1510500
2025-05-12,11500.0,11533.3330078125,11433.3330078125,11500.0,1628700
2025-05-13,11500.0,11533.3330078125,11433.3330078125,11500.0,1628700
2025-05-14,11500.0,11566.6669921875,11400.0,11500.0,1673550
2025-05-15,11533.3330078125,11566.6669921875,11466.6669921875,11500.0,1613850
2025-05-16,11633.3330078125,11766.6669921875,11500.0,11600.0,3300750
2025-05-19,11333.3330078125,11433.3330078125,11266.6669921875,11333.3330078125,1621200
2025-05-20,11333.3330078125,11433.3330078125,11266.6669921875,11333.3330078125,1621200
2025-05-21,11366.6669921875,11466.6669921875,11266.6669921875,11400.0,2038050
2025-05-22,11366.6669921875,11500.0,11300.0,11400.0,1832700
2025-05-23,11366.6669921875,11466.6669921875,11333.3330078125,11366.6669921875,2440800
2025-05-26,11633.3330078125,11700.0,11433.3330078125,11666.6669921875,2402850
2025-05-27,11633.3330078125,11700.0,11433.3330078125,11666.6669921875,2402850
2025-05-28,11600.0,11733.3330078125,11466.6669921875,11666.6669921875,2286000
2025-05-29,11500.0,11666.6669921875,11433.3330078125,11666.6669921875,3036600
2025-05-30,11433.3330078125,11600.0,11366.6669921875,11500.0,2665650
2025-06-02,11166.6669921875,11200.0,10900.0,11200.0,2618550
2025-06-03,11166.6669921875,11200.0,10900.0,11200.0,2618550
2025-06-04,11100.0,11233.3330078125,11066.6669921875,11200.0,2543850
2025-06-05,11200.0,11366.6669921875,11100.0,11133.3330078125,3515550
2025-06-06,11200.0,11333.3330078125,11100.0,11200.0,2571150
2025-06-09,11000.0,11200.0,11000.0,11133.3330078125,1582350
2025-06-10,11000.0,11200.0,11000.0,11133.3330078125,1582350
2025-06-11,11000.0,11100.0,11000.0,11000.0,1898400
2025-06-12,10900.0,11100.0,10900.0,11066.6669921875,1635300
2025-06-13,11000.0,11133.3330078125,10933.3330078125,10966.6669921875,2222550
2025-06-16,11100.0,11100.0,10866.6669921875,10866.6669921875,2488200
2025-06-17,11100.0,11100.0,10866.6669921875,10866.6669921875,2488200
2025-06-18,11133.3330078125,11266.6669921875,11100.0,11133.3330078125,2335050
2025-06-19,11033.3330078125,11200.0,11033.3330078125,11166.6669921875,1549500
2025-06-20,11000.0,11066.6669921875,10933.3330078125,11033.3330078125,1716450
2025-06-23,10833.3330078125,10933.3330078125,10766.6669921875,10866.6669921875,1741200
2025-06-24,10833.3330078125,10933.3330078125,10766.6669921875,10866.6669921875,1741200
2025-06-25,11033.3330078125,11033.3330078125,10833.3330078125,10933.3330078125,2317050
2025-06-26,10933.3330078125,11066.6669921875,10933.3330078125,11000.0,1939650
2025-06-27,10966.6669921875,11000.0,10900.0,10966.6669921875,1623600
2025-06-30,11166.6669921875,11200.0,11100.0,11166.6669921875,2043900
2025-07-01,11166.6669921875,11200.0,11100.0,11166.6669921875,2043900
2025-07-02,11233.3330078125,11266.6669921875,11166.6669921875,11200.0,4192950
2025-07-03,11466.6669921875,11466.6669921875,11266.6669921875,11266.6669921875,4624650
2025-07-04,11300.0,11533.3330078125,11266.6669921875,11533.3330078125,5669100
2025-07-07,11733.3330078125,11733.3330078125,11466.6669921875,11466.6669921875,4989750
2025-07-08,11733.3330078125,11833.3330078125,11633.3330078125,11800.0,3906450
2025-07-09,11966.6669921875,12200.0,11733.3330078125,11800.0,5039700
2025-07-10,12333.3330078125,12458.3330078125,12208.3330078125,12333.3330078125,2460240
2025-07-11,12333.3330078125,12458.3330078125,12208.3330078125,12333.3330078125,2460240
2025-07-14,12333.3330078125,12458.3330078125,12125.0,12416.6669921875,1803480
2025-07-15,12333.3330078125,12458.3330078125,12125.0,12416.6669921875,1803480
2025-07-16,12208.3330078125,12333.3330078125,12041.6669921875,12333.3330078125,2518200
2025-07-17,12166.6669921875,12250.0,12083.3330078125,12166.6669921875,1851720
2025-07-18,12166.6669921875,12291.6669921875,12083.3330078125,12208.3330078125,1965120
2025-07-21,12083.3330078125,12250.0,12083.3330078125,12166.6669921875,1706880
2025-07-22,12083.3330078125,12250.0,12083.3330078125,12166.6669921875,1706880
2025-07-23,12291.6669921875,12333.3330078125,12041.6669921875,12166.6669921875,2370600
2025-07-24,12500.0,12708.3330078125,12333.3330078125,12333.3330078125,2742960
2025-07-25,12500.0,12750.0,12458.3330078125,12583.3330078125,2048880
2025-07-28,12916.6669921875,13125.0,12875.0,12916.6669921875,2701920
2025-07-29,12916.6669921875,13125.0,12875.0,12916.6669921875,2701920
2025-07-30,12333.3330078125,13208.3330078125,12333.3330078125,13208.3330078125,2818200
2025-07-31,12541.6669921875,13000.0,12375.0,12458.3330078125,2670720
2025-08-01,12583.3330078125,12750.0,12500.0,12750.0,1701120
2025-08-04,12583.3330078125,12708.3330078125,12416.6669921875,12583.3330078125,2231040
2025-08-05,12583.3330078125,12708.3330078125,12416.6669921875,12583.3330078125,2231040
2025-08-06,12708.3330078125,13000.0,12666.6669921875,12666.6669921875,4018920
2025-08-07,12791.6669921875,13083.3330078125,12791.6669921875,12791.6669921875,1688160
2025-08-08,12833.3330078125,13041.6669921875,12750.0,12916.6669921875,2480520
2025-08-11,12958.3330078125,13041.6669921875,12875.0,13041.6669921875,2101800
2025-08-12,12958.3330078125,13041.6669921875,12875.0,13041.6669921875,2101800
2025-08-13,12958.3330078125,13083.3330078125,12916.6669921875,12958.3330078125,2898120
2025-08-14,12916.6669921875,13083.3330078125,12791.6669921875,13000.0,2616120
2025-08-15,13583.3330078125,13625.0,12958.3330078125,13000.0,5568480
2025-08-18,13125.0,13375.0,13000.0,13291.6669921875,2010120
2025-08-19,13125.0,13375.0,13000.0,13291.6669921875,2010120
2025-08-20,13000.0,13083.3330078125,12958.3330078125,13083.3330078125,3382440
2025-08-21,13250.0,13416.6669921875,12916.6669921875,13000.0,3759480
2025-08-22,13541.6669921875,13750.0,12708.3330078125,13333.3330078125,8316120
2025-08-25,13333.3330078125,14416.6669921875,13250.0,14250.0,5142480
2025-08-26,13333.3330078125,14416.6669921875,13250.0,14250.0,5142480
2025-08-27,13666.6669921875,13708.3330078125,13041.6669921875,13291.6669921875,6270840
2025-08-28,13250.0,13833.3330078125,13208.3330078125,13833.3330078125,4205520
2025-08-29,13250.0,13375.0,13166.6669921875,13291.6669921875,2822880
2025-09-01,13250.0,13250.0,13250.0,13250.0,0
2025-09-02,13250.0,13250.0,13250.0,13250.0,0
2025-09-03,13250.0,13416.6669921875,13250.0,13375.0,1939680
2025-09-04,13250.0,13416.6669921875,13250.0,13375.0,1939680
2025-09-05,13583.3330078125,13583.3330078125,13250.0,13250.0,3782040
2025-09-08,12916.6669921875,13250.0,12916.6669921875,13208.3330078125,4651920
2025-09-09,12916.6669921875,13250.0,12916.6669921875,13208.3330078125,4651920
2025-09-10,12791.6669921875,13000.0,12791.6669921875,12916.6669921875,2368440
2025-09-11,12916.6669921875,12958.3330078125,12750.0,12958.3330078125,1745400
2025-09-12,12750.0,12958.3330078125,12583.3330078125,12875.0,2272440
2025-09-15,12791.6669921875,12958.3330078125,12750.0,12916.6669921875,2449920
2025-09-16,12791.6669921875,12958.3330078125,12750.0,12916.6669921875,2449920
2025-09-17,12791.6669921875,13000.0,12791.6669921875,12916.6669921875,1984080
2025-09-18,12750.0,12916.6669921875,12666.6669921875,12833.3330078125,3073320
2025-09-19,12666.6669921875,12916.6669921875,12583.3330078125,12916.6669921875,2481240
2025-09-22,12500.0,12500.0,12333.3330078125,12458.3330078125,2824800
2025-09-23,12500.0,12500.0,12333.3330078125,12458.3330078125,2824800
2025-09-24,12375.0,12541.6669921875,12375.0,12500.0,1690560
2025-09-25,12458.3330078125,12458.3330078125,12291.6669921875,12375.0,2223480
2025-09-26,12541.6669921875,12541.6669921875,12458.3330078125,12500.0,2087280
2025-09-29,12291.6669921875,12458.3330078125,12250.0,12416.6669921875,1400160
2025-09-30,12291.6669921875,12458.3330078125,12250.0,12416.6669921875,1400160
2025-10-01,12250.0,12375.0,12208.3330078125,12291.6669921875,1893960
2025-10-02,12333.3330078125,12541.6669921875,12208.3330078125,12250.0,2580000
2025-10-03,12333.3330078125,12541.6669921875,12291.6669921875,12416.6669921875,1776360
2025-10-06,12541.6669921875,12625.0,12375.0,12375.0,2213040
2025-10-07,12541.6669921875,12625.0,12375.0,12375.0,2213040
2025-10-08,12375.0,12583.3330078125,12375.0,12583.3330078125,2061840
2025-10-09,12500.0,12666.6669921875,12458.3330078125,12500.0,1641720
2025-10-10,12541.6669921875,12583.3330078125,12458.3330078125,12541.6669921875,1872600
2025-10-13,12541.6669921875,12541.6669921875,12250.0,12250.0,1459560
2025-10-14,12541.6669921875,12541.6669921875,12250.0,12250.0,1459560
2025-10-15,12375.0,12583.3330078125,12291.6669921875,12541.6669921875,2582880
2025-10-16,12333.3330078125,12500.0,12333.3330078125,12375.0,1755960
2025-10-17,12333.3330078125,12416.6669921875,12250.0,12416.6669921875,1621320
2025-10-20,11708.3330078125,12458.3330078125,11708.3330078125,12333.3330078125,2637120
2025-10-21,11708.3330078125,12458.3330078125,11708.3330078125,12333.3330078125,2637120
2025-10-22,12000.0,12000.0,11666.6669921875,11958.3330078125,2420520
2025-10-23,11833.3330078125,12083.3330078125,11708.3330078125,12000.0,2088000
2025-10-24,11875.0,12041.6669921875,11875.0,11916.6669921875,1850040
2025-10-27,11791.6669921875,11916.6669921875,11708.3330078125,11875.0,1629360
2025-10-28,11791.6669921875,11916.6669921875,11708.3330078125,11875.0,1629360
2025-10-29,11875.0,11875.0,11625.0,11750.0,1826280
2025-10-30,12041.6669921875,12083.3330078125,11875.0,11916.6669921875,1813440
2025-10-31,11875.0,12083.3330078125,11833.3330078125,12000.0,1896480
2025-11-03,11833.3330078125,12000.0,11833.3330078125,11916.6669921875,1749840
2025-11-04,11958.3330078125,11958.3330078125,11708.3330078125,11916.6669921875,2337840
2025-11-05,11958.3330078125,11958.3330078125,11708.3330078125,11916.6669921875,2337840
2025-11-06,11916.6669921875,12041.6669921875,11875.0,11916.6669921875,1512840
2025-11-07,12000.0,12250.0,11833.3330078125,11916.6669921875,2694240
2025-11-10,11833.3330078125,12041.6669921875,11791.6669921875,11833.3330078125,1365120
2025-11-11,12041.6669921875,12083.3330078125,11750.0,11916.6669921875,1977720
2025-11-12,12083.3330078125,12083.3330078125,11875.0,11916.6669921875,1824360
2025-11-13,11958.3330078125,12083.3330078125,11958.3330078125,12083.3330078125,1448760
2025-11-14,11916.6669921875,12000.0,11875.0,11916.6669921875,1391760
2025-11-17,12083.3330078125,12125.0,11916.6669921875,11916.6669921875,2860920
2025-11-18,12083.3330078125,12166.6669921875,11958.3330078125,12083.3330078125,1482480
2025-11-19,12125.0,12208.3330078125,11958.3330078125,12083.3330078125,2105040
2025-11-20,12083.3330078125,12208.3330078125,12041.6669921875,12125.0,1677480
2025-11-21,12041.6669921875,12083.3330078125,11916.6669921875,11958.3330078125,1856280
2025-11-24,11958.3330078125,12083.3330078125,11958.3330078125,12000.0,1489800
2025-11-25,11916.6669921875,12000.0,11875.0,12000.0,1768440
2025-11-26,11833.3330078125,11958.3330078125,11833.3330078125,11833.3330078125,1603680
2025-11-27,11916.6669921875,12083.3330078125,11833.3330078125,11833.3330078125,1709160
2025-11-28,11916.6669921875,12041.6669921875,11833.3330078125,12000.0,1752840
2025-12-01,11916.6669921875,12041.6669921875,11875.0,11875.0,1707240
2025-12-02,11958.3330078125,12041.6669921875,11916.6669921875,11916.6669921875,1509480
2025-12-03,12375.0,12375.0,12000.0,12000.0,2484240
2025-12-04,12166.6669921875,12416.6669921875,12125.0,12375.0,2367600
2025-12-05,12041.6669921875,12208.3330078125,12041.6669921875,12208.3330078125,1448760
2025-12-08,12000.0,12083.3330078125,12000.0,12041.6669921875,1429800
2025-12-09,11875.0,12041.6669921875,11875.0,12000.0,1893720
2025-12-10,11916.6669921875,12000.0,11875.0,11916.6669921875,1411560
2025-12-11,12000.0,12166.6669921875,11875.0,11916.6669921875,2483640
2025-12-12,11750.0,12125.0,11750.0,12000.0,1699440
2025-12-15,11750.0,11833.3330078125,11583.3330078125,11666.6669921875,1462560
2025-12-16,11916.6669921875,11916.6669921875,11708.3330078125,11791.6669921875,1472640
2025-12-17,11791.6669921875,12000.0,11791.6669921875,12000.0,1650240
2025-12-18,11791.6669921875,12000.0,11791.6669921875,12000.0,1650240
2025-12-19,12083.3330078125,12083.3330078125,11833.3330078125,11916.6669921875,1835520
2025-12-22,12000.0,12125.0,11916.6669921875,12083.3330078125,1565760
2025-12-23,12000.0,12125.0,12000.0,12083.3330078125,1503000
2025-12-24,12083.3330078125,12083.3330078125,11958.3330078125,12000.0,1531080
2025-12-25,12083.3330078125,12083.3330078125,11958.3330078125,12000.0,1531080
2025-12-26,11833.3330078125,12000.0,11791.6669921875,12000.0,1472160
2025-12-29,11875.0,11958.3330078125,11791.6669921875,11833.3330078125,1497600
2025-12-30,11916.6669921875,11916.6669921875,11791.6669921875,11875.0,1341840
2025-12-31,11916.6669921875,11916.6669921875,11833.3330078125,11833.3330078125,1493040
2026-01-01,11916.6669921875,11916.6669921875,11916.6669921875,11916.6669921875,0
2026-01-02,11916.6669921875,11916.6669921875,11916.6669921875,11916.6669921875,0
2026-01-05,11833.3330078125,11958.3330078125,11791.6669921875,11916.6669921875,1592280
2026-01-06,11833.3330078125,11916.6669921875,11791.6669921875,11833.3330078125,1502400
2026-01-07,12000.0,12083.3330078125,11833.3330078125,11833.3330078125,1335000
2026-01-08,12166.6669921875,12333.3330078125,12000.0,12000.0,2332080
2026-01-09,12208.3330078125,12333.3330078125,12166.6669921875,12333.3330078125,1887960
2026-01-12,12583.3330078125,12583.3330078125,12166.6669921875,12208.3330078125,3163200
2026-01-13,12416.6669921875,12750.0,12416.6669921875,12666.6669921875,2173200
2026-01-14,12500.0,12708.3330078125,12375.0,12625.0,2559000
2026-01-15,12375.0,12500.0,12333.3330078125,12500.0,1754400
2026-01-16,12375.0,12500.0,12333.3330078125,12333.3330078125,1546680
2026-01-19,12291.6669921875,12416.6669921875,12291.6669921875,12375.0,1495560
2026-01-20,12250.0,12375.0,12250.0,12250.0,1509000
2026-01-21,12208.3330078125,12291.6669921875,12083.3330078125,12208.3330078125,1576560
2026-01-22,12250.0,12375.0,12166.6669921875,12208.3330078125,1435680
2026-01-23,12125.0,12250.0,12125.0,12250.0,1360320
2026-01-26,11958.3330078125,12208.3330078125,11958.3330078125,12125.0,1707840
2026-01-27,11958.3330078125,12041.6669921875,11875.0,11958.3330078125,1370880
2026-01-28,11875.0,12000.0,11833.3330078125,11958.3330078125,1804800
2026-01-29,11750.0,11875.0,11750.0,11833.3330078125,1719360
2026-01-30,11791.6669921875,11875.0,11750.0,11791.6669921875,1476840
2026-02-02,11791.6669921875,11916.6669921875,11708.3330078125,11833.3330078125,1641120
2026-02-03,11791.6669921875,11833.3330078125,11708.3330078125,11791.6669921875,1578840
2026-02-04,11750.0,11833.3330078125,11708.3330078125,11750.0,1438680
2026-02-05,11750.0,11791.6669921875,11625.0,11750.0,1787760
2026-02-06,11666.6669921875,11708.3330078125,11625.0,11666.6669921875,1498680
2026-02-09,11708.3330078125,11708.3330078125,11541.6669921875,11583.3330078125,1742160
2026-02-10,11708.3330078125,11750.0,11583.3330078125,11583.3330078125,1370760
2026-02-11,11791.6669921875,11791.6669921875,11583.3330078125,11583.3330078125,1669440
2026-02-12,11708.3330078125,11833.3330078125,11708.3330078125,11791.6669921875,1162200
2026-02-13,11708.3330078125,11750.0,11541.6669921875,11750.0,1765440
2026-02-16,11708.3330078125,11708.3330078125,11708.3330078125,11708.3330078125,0
2026-02-17,11708.3330078125,11708.3330078125,11708.3330078125,11708.3330078125,0
2026-02-18,11708.3330078125,11708.3330078125,11708.3330078125,11708.3330078125,0
2026-02-19,11708.3330078125,11708.3330078125,11708.3330078125,11708.3330078125,0
2026-02-20,11708.3330078125,11708.3330078125,11708.3330078125,11708.3330078125,0
2026-02-23,11750.0,11791.6669921875,11583.3330078125,11666.6669921875,2347200
2026-02-24,11750.0,11791.6669921875,11666.6669921875,11750.0,1474920
2026-02-25,11791.6669921875,11833.3330078125,11708.3330078125,11791.6669921875,1813320
2026-02-26,11791.6669921875,11833.3330078125,11750.0,11791.6669921875,1337040
2026-02-27,11666.6669921875,11833.3330078125,11666.6669921875,11791.6669921875,1703520
2026-03-02,11666.6669921875,11666.6669921875,11500.0,11583.3330078125,1810680
2026-03-03,11666.6669921875,11666.6669921875,11500.0,11583.3330078125,1810680
2026-03-04,11375.0,11583.3330078125,11208.3330078125,11541.6669921875,1829760
2026-03-05,11375.0,11583.3330078125,11375.0,11541.6669921875,1556280
2026-03-06,11375.0,11458.3330078125,11375.0,11416.6669921875,1635480
2026-03-09,10583.3330078125,11083.3330078125,10583.3330078125,11083.3330078125,3468240
2026-03-10,10750.0,11041.6669921875,10291.6669921875,10708.3330078125,2128080
2026-03-11,10958.3330078125,11166.6669921875,10416.6669921875,10416.6669921875,1382880
2026-03-12,10875.0,11041.6669921875,10750.0,10916.6669921875,1604160
2026-03-13,10666.6669921875,10833.3330078125,10583.3330078125,10583.3330078125,1530000
2026-03-16,10750.0,10750.0,10625.0,10666.6669921875,1410000
2026-03-17,10875.0,11000.0,10833.3330078125,10916.6669921875,1470000
2026-03-18,10625.0,11000.0,10625.0,10875.0,2569800
2026-03-19,10541.6669921875,10833.3330078125,10541.6669921875,10666.6669921875,2872200
2026-03-20,10083.3330078125,10708.3330078125,10083.3330078125,10583.3330078125,5050080
2026-03-23,10416.6669921875,10416.6669921875,10208.3330078125,10333.3330078125,2769120
2026-03-24,10416.6669921875,10625.0,10416.6669921875,10458.3330078125,2054400
2026-03-25,10583.3330078125,10625.0,10458.3330078125,10458.3330078125,1254600
2026-03-26,10708.3330078125,10791.6669921875,10583.3330078125,10583.3330078125,1267440
2026-03-27,11000.0,11000.0,10625.0,10708.3330078125,1991880
2026-03-30,10875.0,10958.3330078125,10708.3330078125,10708.3330078125,2240040
2026-03-31,10875.0,10916.6669921875,10750.0,10833.3330078125,1569480
2026-04-01,10875.0,11000.0,10833.3330078125,10958.3330078125,1509840
2026-04-02,10791.6669921875,10875.0,10791.6669921875,10833.3330078125,1266240
2026-04-03,10791.6669921875,10875.0,10750.0,10833.3330078125,1380720
2026-04-06,10833.3330078125,10875.0,10791.6669921875,10875.0,1372440
2026-04-07,10875.0,10875.0,10750.0,10791.6669921875,1369800
2026-04-08,11208.3330078125,11333.3330078125,11000.0,11000.0,2561280
2026-04-09,11208.3330078125,11250.0,11041.6669921875,11083.3330078125,2121600
2026-04-10,11291.6669921875,11375.0,11208.3330078125,11208.3330078125,2418240
2026-04-13,11250.0,11250.0,11083.3330078125,11083.3330078125,1879320
2026-04-14,11250.0,11291.6669921875,11166.6669921875,11291.6669921875,2135400
2026-04-15,11250.0,11291.6669921875,11166.6669921875,11250.0,1677240
2026-04-16,11250.0,11250.0,11125.0,11166.6669921875,1379640
2026-04-17,11250.0,11333.3330078125,11166.6669921875,11208.3330078125,1767120
2026-04-20,11250.0,11333.3330078125,11166.6669921875,11250.0,1449720
2026-04-21,11250.0,11291.6669921875,11208.3330078125,11291.6669921875,1768800
2026-04-22,11625.0,11625.0,11208.3330078125,11250.0,3963720
2026-04-23,11583.3330078125,11833.3330078125,11500.0,11625.0,2667840
2026-04-24,11833.3330078125,11916.6669921875,11500.0,11625.0,3674160
2026-04-27,11833.3330078125,11833.3330078125,11833.3330078125,11833.3330078125,0
2026-04-28,11708.3330078125,11916.6669921875,11666.6669921875,11833.3330078125,1845360
2026-04-29,11750.0,11833.3330078125,11666.6669921875,11750.0,1827000
2026-04-30,11750.0,11750.0,11750.0,11750.0,0
2026-05-01,11750.0,11750.0,11750.0,11750.0,0
2026-05-04,11916.6669921875,12000.0,11791.6669921875,11833.3330078125,2485560
2026-05-05,11833.3330078125,11958.3330078125,11666.6669921875,11958.3330078125,1865400
2026-05-06,11958.3330078125,12000.0,11791.6669921875,11833.3330078125,2444040
2026-05-07,12083.3330078125,12208.3330078125,11958.3330078125,12000.0,2956920
2026-05-08,12375.0,12416.6669921875,11958.3330078125,12041.6669921875,4094760
2026-05-11,12500.0,12600.0,12400.0,12450.0,2119900
2026-05-12,12500.0,12600.0,12400.0,12500.0,1521500
2026-05-13,12400.0,12600.0,12350.0,12550.0,1289600
2026-05-14,12450.0,12550.0,12350.0,12550.0,1232900
2026-05-15,12350.0,12500.0,12300.0,12450.0,1139100
2026-05-18,12350.0,12400.0,12150.0,12350.0,1263800
2026-05-19,12300.0,12450.0,12300.0,12450.0,1227100
2026-05-20,12300.0,12350.0,12000.0,12350.0,1365100
2026-05-21,12300.0,12300.0,12100.0,12300.0,1358100
2026-05-22,12300.0,12300.0,12100.0,12200.0,1497300
2026-05-25,12250.0,12400.0,12250.0,12350.0,1436300
2026-05-26,12350.0,12400.0,12250.0,12350.0,1433900
2026-05-27,12450.0,12500.0,12300.0,12400.0,2080200
2026-05-28,12200.0,12500.0,12200.0,12450.0,1315200
2026-05-29,11700.0,12200.0,11700.0,12200.0,2634100
2026-06-01,11950.0,12000.0,11700.0,11700.0,1179200
2026-06-02,11900.0,11950.0,11800.0,11950.0,1277700
2026-06-03,11950.0,12000.0,11750.0,11750.0,1223600
2026-06-04,12100.0,12200.0,11800.0,11900.0,1290300
2026-06-05,12000.0,12100.0,11900.0,12050.0,1332500
2026-06-08,11800.0,11900.0,11700.0,11900.0,1316900
2026-06-09,11800.0,11900.0,11750.0,11800.0,1079700
2026-06-10,11900.0,11950.0,11750.0,11900.0,1220100
2026-06-11,12050.0,12050.0,11850.0,11850.0,1482200
2026-06-12,12300.0,12350.0,12050.0,12050.0,1736800
2026-06-15,12400.0,12450.0,12200.0,12350.0,1619800
2026-06-16,12450.0,12450.0,12300.0,12400.0,2026100
2026-06-17,12400.0,12450.0,12300.0,12400.0,1564300
2026-06-18,12400.0,12450.0,12300.0,12300.0,1585000
2026-06-19,12300.0,12400.0,12300.0,12350.0,1732400
2026-06-22,12750.0,12900.0,12200.0,12300.0,3270600
2026-06-23,12850.0,12900.0,12650.0,12750.0,2658800
2026-06-24,12900.0,12950.0,12750.0,12850.0,2267600
2026-06-25,13150.0,13200.0,12900.0,12950.0,3637700
2026-06-26,13050.0,13200.0,12800.0,13150.0,2099600
2026-06-29,13150.0,13150.0,12900.0,12900.0,3758900
2026-06-30,13200.0,13200.0,12850.0,13150.0,2161900
2026-07-01,13200.0,13200.0,12850.0,13150.0,2161900
2026-07-02,13100.0,13200.0,13000.0,13100.0,2839900
2026-07-03,13100.0,13150.0,13050.0,13050.0,2337900
2026-07-06,13300.0,13450.0,13050.0,13100.0,4406100
2026-07-07,13100.0,13400.0,13050.0,13300.0,2286600
2026-07-08,13350.0,13400.0,13000.0,13000.0,3172000
2026-07-09,13250.0,13400.0,13150.0,13300.0,2337200
2026-07-10,13300.0,13500.0,13100.0,13100.0,4247900
2026-07-13,12950.0,13350.0,12600.0,13350.0,2668600
2026-07-14,13050.0,13100.0,12900.0,12900.0,2082900
2026-07-15,13000.0,13100.0,12900.0,13050.0,2335400
2026-07-16,13050.0,13050.0,12600.0,13000.0,3096600
2026-07-17,12900.0,13050.0,12800.0,13000.0,2219900
2026-07-20,12650.0,12900.0,12500.0,12800.0,2319100
2026-07-21,12350.0,12650.0,12300.0,12550.0,2025900
2026-07-22,12350.0,12550.0,12300.0,12350.0,1729200
2026-07-23,12500.0,12800.0,12200.0,12250.0,2814100
2026-07-24,12500.0,12550.0,12200.0,12550.0,2176400
2026-07-27,12250.0,12550.0,12250.0,12450.0,1585600
2026-07-28,12250.0,12300.0,11400.0,12100.0,2000200
2026-07-29,11850.0,12300.0,11850.0,12250.0,2176600
2026-07-30,12300.0,12350.0,11900.0,11900.0,1767500
2026-07-31,12150.0,12500.0,12050.0,12300.0,2117500
2026-08-03,12200.0,12300.0,12150.0,12150.0,2087100
2026-08-04,12100.0,12200.0,12000.0,12150.0,1734200
2026-08-05,11950.0,12200.0,11950.0,12100.0,1429500
2026-08-06,11900.0,12050.0,11850.0,11950.0,1239200
2026-08-07,11800.0,11950.0,11700.0,11800.0,1563600
2026-08-10,12050.0,12600.0,11700.0,11850.0,1604400
2026-08-11,11950.0,12050.0,11900.0,11950.0,1104600
2026-08-12,11900.0,12000.0,11800.0,11850.0,1107100
2026-08-13,11750.0,11950.0,11750.0,11850.0,1518800
2026-08-14,11700.0,11800.0,11600.0,11750.0,1253700
2026-08-17,11650.0,11750.0,11550.0,11650.0,1328600
2026-08-18,11600.0,11750.0,11500.0,11650.0,1267900
2026-08-19,11600.0,11600.0,11400.0,11600.0,1184500
2026-08-20,11550.0,11650.0,11500.0,11500.0,1385700
2026-08-21,11600.0,11700.0,11400.0,11500.0,1460800
2026-08-24,11650.0,11750.0,11600.0,11700.0,1108900
2026-08-25,11650.0,11700.0,11550.0,11650.0,1232300
2026-08-26,11650.0,11650.0,11550.0,11600.0,1191200
2026-08-27,11550.0,11700.0,11500.0,11650.0,1099500
2026-08-28,,,,,1052021
